Timestamp,RawHexData
2026-10-02 15:07:20,DD0300220542011D234927100077327900000000
2026-10-02 15:07:20,00002A5C0304010BAC000000264823490000FB95
2026-10-02 15:07:20,77
2026-10-02 15:07:32,DD03002205420126234A27100077327900000000
2026-10-02 15:07:32,00002A5C0304010BAC0000002648234A0000FB8A
2026-10-02 15:07:32,77
2026-10-02 15:07:44,DD03002205410126234B27100077327900000000
2026-10-02 15:07:44,00002A5C0304010BAC0000002648234B0000FB89
2026-10-02 15:07:44,77
2026-10-02 15:07:56,DD03002205420126234C27100077327900000000
2026-10-02 15:07:56,00002A5C0304010BAC0000002648234C0000FB86
2026-10-02 15:07:56,77
2026-10-02 15:08:08,DD03002205420126234D27100077327900000000
2026-10-02 15:08:08,00002A5C0304010BAC0000002648234D0000FB84
2026-10-02 15:08:08,77
2026-10-02 15:08:20,DD03002205410000234E27100077327900000000
2026-10-02 15:08:20,00002A5C0304010BAC0000002648234E0000FBAA
2026-10-02 15:08:20,77
2026-10-02 15:08:32,DD0300220541008E234F27100077327900000000
2026-10-02 15:08:32,00002A5C0304010BAC0000002648234F0000FB1A
2026-10-02 15:08:32,77
2026-10-02 15:08:44,DD03002205410130234F27100077327900000000
2026-10-02 15:08:44,00002A5C0304010BAC0000002648234F0000FB77
2026-10-02 15:08:44,77
2026-10-02 15:08:56,DD03002205410130235027100077327900000000
2026-10-02 15:08:56,00002A5C0304010BAC000000264823500000FB75
2026-10-02 15:08:56,77
2026-10-02 15:14:14,DD03002205320000263C2710000232790000000010002A620104010BB80000002710263C0000FC6377,13.3,0.0,98
2026-10-02 15:14:19,DD03002205320000263C2710000232790000000010002A620104010BB80000002710263C0000FC6377,13.3,0.0,98
2026-10-02 15:14:24,DD03002205320000263C2710000232790000000010002A620104010BB80000002710263C0000FC6377,13.3,0.0,98
2026-10-02 15:14:29,DD03002205320000263C2710000232790000000010002A620104010BB80000002710263C0000FC6377,13.3,0.0,98
2026-10-02 15:16:27,DD0300220542013023732710007732790000000000002A5D0304010BAC000000264823730000FB2D77,13.46,3.04,93
2026-10-02 15:16:32,DD0300220542013023742710007732790000000000002A5D0304010BAC000000264823740000FB2B77,13.46,3.04,93
2026-10-02 15:16:38,DD0300220542011D23742710007732790000000000002A5D0304010BAC000000264823740000FB3E77,13.46,2.85,93
